22,"collection.crystalbridges.org/objects/22","collection.crystalbridges.org/objects/fullimage/22"
28,"collection.crystalbridges.org/objects/28","collection.crystalbridges.org/objects/fullimage/28"
32,"collection.crystalbridges.org/objects/32","collection.crystalbridges.org/objects/fullimage/32"
38,"collection.crystalbridges.org/objects/38","collection.crystalbridges.org/objects/fullimage/38"
39,"collection.crystalbridges.org/objects/39","collection.crystalbridges.org/objects/fullimage/39"
40,"collection.crystalbridges.org/objects/40","collection.crystalbridges.org/objects/fullimage/40"
41,"collection.crystalbridges.org/objects/41","collection.crystalbridges.org/objects/fullimage/41"
44,"collection.crystalbridges.org/objects/44","collection.crystalbridges.org/objects/fullimage/44"
45,"collection.crystalbridges.org/objects/45","collection.crystalbridges.org/objects/fullimage/45"
46,"collection.crystalbridges.org/objects/46","collection.crystalbridges.org/objects/fullimage/46"
56,"collection.crystalbridges.org/objects/56","collection.crystalbridges.org/objects/fullimage/56"
59,"collection.crystalbridges.org/objects/59","collection.crystalbridges.org/objects/fullimage/59"
60,"collection.crystalbridges.org/objects/60","collection.crystalbridges.org/objects/fullimage/60"
61,"collection.crystalbridges.org/objects/61","collection.crystalbridges.org/objects/fullimage/61"
62,"collection.crystalbridges.org/objects/62","collection.crystalbridges.org/objects/fullimage/62"
63,"collection.crystalbridges.org/objects/63","collection.crystalbridges.org/objects/fullimage/63"
66,"collection.crystalbridges.org/objects/66","collection.crystalbridges.org/objects/fullimage/66"
67,"collection.crystalbridges.org/objects/67","collection.crystalbridges.org/objects/fullimage/67"
68,"collection.crystalbridges.org/objects/68","collection.crystalbridges.org/objects/fullimage/68"
74,"collection.crystalbridges.org/objects/74","collection.crystalbridges.org/objects/fullimage/74"
75,"collection.crystalbridges.org/objects/75","collection.crystalbridges.org/objects/fullimage/75"
76,"collection.crystalbridges.org/objects/76","collection.crystalbridges.org/objects/fullimage/76"
77,"collection.crystalbridges.org/objects/77","collection.crystalbridges.org/objects/fullimage/77"
79,"collection.crystalbridges.org/objects/79","collection.crystalbridges.org/objects/fullimage/79"
80,"collection.crystalbridges.org/objects/80","collection.crystalbridges.org/objects/fullimage/80"
83,"collection.crystalbridges.org/objects/83","collection.crystalbridges.org/objects/fullimage/83"
87,"collection.crystalbridges.org/objects/87","collection.crystalbridges.org/objects/fullimage/87"
88,"collection.crystalbridges.org/objects/88","collection.crystalbridges.org/objects/fullimage/88"
89,"collection.crystalbridges.org/objects/89","collection.crystalbridges.org/objects/fullimage/89"
90,"collection.crystalbridges.org/objects/90","collection.crystalbridges.org/objects/fullimage/90"
91,"collection.crystalbridges.org/objects/91","collection.crystalbridges.org/objects/fullimage/91"
98,"collection.crystalbridges.org/objects/98","collection.crystalbridges.org/objects/fullimage/98"
100,"collection.crystalbridges.org/objects/100","collection.crystalbridges.org/objects/fullimage/100"
107,"collection.crystalbridges.org/objects/107","collection.crystalbridges.org/objects/fullimage/107"
108,"collection.crystalbridges.org/objects/108","collection.crystalbridges.org/objects/fullimage/108"
109,"collection.crystalbridges.org/objects/109","collection.crystalbridges.org/objects/fullimage/109"
113,"collection.crystalbridges.org/objects/113","collection.crystalbridges.org/objects/fullimage/113"
114,"collection.crystalbridges.org/objects/114","collection.crystalbridges.org/objects/fullimage/114"
129,"collection.crystalbridges.org/objects/129","collection.crystalbridges.org/objects/fullimage/129"
133,"collection.crystalbridges.org/objects/133","collection.crystalbridges.org/objects/fullimage/133"
136,"collection.crystalbridges.org/objects/136","collection.crystalbridges.org/objects/fullimage/136"
151,"collection.crystalbridges.org/objects/151","collection.crystalbridges.org/objects/fullimage/151"
153,"collection.crystalbridges.org/objects/153","collection.crystalbridges.org/objects/fullimage/153"
154,"collection.crystalbridges.org/objects/154","collection.crystalbridges.org/objects/fullimage/154"
157,"collection.crystalbridges.org/objects/157","collection.crystalbridges.org/objects/fullimage/157"
182,"collection.crystalbridges.org/objects/182","collection.crystalbridges.org/objects/fullimage/182"
183,"collection.crystalbridges.org/objects/183","collection.crystalbridges.org/objects/fullimage/183"
184,"collection.crystalbridges.org/objects/184","collection.crystalbridges.org/objects/fullimage/184"
185,"collection.crystalbridges.org/objects/185","collection.crystalbridges.org/objects/fullimage/185"
186,"collection.crystalbridges.org/objects/186","collection.crystalbridges.org/objects/fullimage/186"
187,"collection.crystalbridges.org/objects/187","collection.crystalbridges.org/objects/fullimage/187"
188,"collection.crystalbridges.org/objects/188","collection.crystalbridges.org/objects/fullimage/188"
205,"collection.crystalbridges.org/objects/205","collection.crystalbridges.org/objects/fullimage/205"
218,"collection.crystalbridges.org/objects/218","collection.crystalbridges.org/objects/fullimage/218"
219,"collection.crystalbridges.org/objects/219","collection.crystalbridges.org/objects/fullimage/219"
220,"collection.crystalbridges.org/objects/220","collection.crystalbridges.org/objects/fullimage/220"
289,"collection.crystalbridges.org/objects/289","collection.crystalbridges.org/objects/fullimage/289"
294,"collection.crystalbridges.org/objects/294","collection.crystalbridges.org/objects/fullimage/294"
295,"collection.crystalbridges.org/objects/295","collection.crystalbridges.org/objects/fullimage/295"
296,"collection.crystalbridges.org/objects/296","collection.crystalbridges.org/objects/fullimage/296"
297,"collection.crystalbridges.org/objects/297","collection.crystalbridges.org/objects/fullimage/297"
298,"collection.crystalbridges.org/objects/298","collection.crystalbridges.org/objects/fullimage/298"
299,"collection.crystalbridges.org/objects/299","collection.crystalbridges.org/objects/fullimage/299"
300,"collection.crystalbridges.org/objects/300","collection.crystalbridges.org/objects/fullimage/300"
301,"collection.crystalbridges.org/objects/301","collection.crystalbridges.org/objects/fullimage/301"
302,"collection.crystalbridges.org/objects/302","collection.crystalbridges.org/objects/fullimage/302"
303,"collection.crystalbridges.org/objects/303","collection.crystalbridges.org/objects/fullimage/303"
309,"collection.crystalbridges.org/objects/309","collection.crystalbridges.org/objects/fullimage/309"
312,"collection.crystalbridges.org/objects/312","collection.crystalbridges.org/objects/fullimage/312"
341,"collection.crystalbridges.org/objects/341","collection.crystalbridges.org/objects/fullimage/341"
342,"collection.crystalbridges.org/objects/342","collection.crystalbridges.org/objects/fullimage/342"
343,"collection.crystalbridges.org/objects/343","collection.crystalbridges.org/objects/fullimage/343"
344,"collection.crystalbridges.org/objects/344","collection.crystalbridges.org/objects/fullimage/344"
345,"collection.crystalbridges.org/objects/345","collection.crystalbridges.org/objects/fullimage/345"
379,"collection.crystalbridges.org/objects/379","collection.crystalbridges.org/objects/fullimage/379"
380,"collection.crystalbridges.org/objects/380","collection.crystalbridges.org/objects/fullimage/380"
385,"collection.crystalbridges.org/objects/385","collection.crystalbridges.org/objects/fullimage/385"
412,"collection.crystalbridges.org/objects/412","collection.crystalbridges.org/objects/fullimage/412"
413,"collection.crystalbridges.org/objects/413","collection.crystalbridges.org/objects/fullimage/413"
421,"collection.crystalbridges.org/objects/421","collection.crystalbridges.org/objects/fullimage/421"
422,"collection.crystalbridges.org/objects/422","collection.crystalbridges.org/objects/fullimage/422"
678,"collection.crystalbridges.org/objects/678","collection.crystalbridges.org/objects/fullimage/678"
680,"collection.crystalbridges.org/objects/680","collection.crystalbridges.org/objects/fullimage/680"
681,"collection.crystalbridges.org/objects/681","collection.crystalbridges.org/objects/fullimage/681"
682,"collection.crystalbridges.org/objects/682","collection.crystalbridges.org/objects/fullimage/682"
683,"collection.crystalbridges.org/objects/683","collection.crystalbridges.org/objects/fullimage/683"
684,"collection.crystalbridges.org/objects/684","collection.crystalbridges.org/objects/fullimage/684"
685,"collection.crystalbridges.org/objects/685","collection.crystalbridges.org/objects/fullimage/685"
686,"collection.crystalbridges.org/objects/686","collection.crystalbridges.org/objects/fullimage/686"
709,"collection.crystalbridges.org/objects/709","collection.crystalbridges.org/objects/fullimage/709"
715,"collection.crystalbridges.org/objects/715","collection.crystalbridges.org/objects/fullimage/715"
716,"collection.crystalbridges.org/objects/716","collection.crystalbridges.org/objects/fullimage/716"
718,"collection.crystalbridges.org/objects/718","collection.crystalbridges.org/objects/fullimage/718"
719,"collection.crystalbridges.org/objects/719","collection.crystalbridges.org/objects/fullimage/719"
910,"collection.crystalbridges.org/objects/910","collection.crystalbridges.org/objects/fullimage/910"
1124,"collection.crystalbridges.org/objects/1,124","collection.crystalbridges.org/objects/fullimage/1,124"
1125,"collection.crystalbridges.org/objects/1,125","collection.crystalbridges.org/objects/fullimage/1,125"
1166,"collection.crystalbridges.org/objects/1,166","collection.crystalbridges.org/objects/fullimage/1,166"
1171,"collection.crystalbridges.org/objects/1,171","collection.crystalbridges.org/objects/fullimage/1,171"
1174,"collection.crystalbridges.org/objects/1,174","collection.crystalbridges.org/objects/fullimage/1,174"
1183,"collection.crystalbridges.org/objects/1,183","collection.crystalbridges.org/objects/fullimage/1,183"
1185,"collection.crystalbridges.org/objects/1,185","collection.crystalbridges.org/objects/fullimage/1,185"
1186,"collection.crystalbridges.org/objects/1,186","collection.crystalbridges.org/objects/fullimage/1,186"
1187,"collection.crystalbridges.org/objects/1,187","collection.crystalbridges.org/objects/fullimage/1,187"
1206,"collection.crystalbridges.org/objects/1,206","collection.crystalbridges.org/objects/fullimage/1,206"
1216,"collection.crystalbridges.org/objects/1,216","collection.crystalbridges.org/objects/fullimage/1,216"
1217,"collection.crystalbridges.org/objects/1,217","collection.crystalbridges.org/objects/fullimage/1,217"
1218,"collection.crystalbridges.org/objects/1,218","collection.crystalbridges.org/objects/fullimage/1,218"
1226,"collection.crystalbridges.org/objects/1,226","collection.crystalbridges.org/objects/fullimage/1,226"
1279,"collection.crystalbridges.org/objects/1,279","collection.crystalbridges.org/objects/fullimage/1,279"
1334,"collection.crystalbridges.org/objects/1,334","collection.crystalbridges.org/objects/fullimage/1,334"
1337,"collection.crystalbridges.org/objects/1,337","collection.crystalbridges.org/objects/fullimage/1,337"
1341,"collection.crystalbridges.org/objects/1,341","collection.crystalbridges.org/objects/fullimage/1,341"
1343,"collection.crystalbridges.org/objects/1,343","collection.crystalbridges.org/objects/fullimage/1,343"
1352,"collection.crystalbridges.org/objects/1,352","collection.crystalbridges.org/objects/fullimage/1,352"
1495,"collection.crystalbridges.org/objects/1,495","collection.crystalbridges.org/objects/fullimage/1,495"
1529,"collection.crystalbridges.org/objects/1,529","collection.crystalbridges.org/objects/fullimage/1,529"
1532,"collection.crystalbridges.org/objects/1,532","collection.crystalbridges.org/objects/fullimage/1,532"
1533,"collection.crystalbridges.org/objects/1,533","collection.crystalbridges.org/objects/fullimage/1,533"
1534,"collection.crystalbridges.org/objects/1,534","collection.crystalbridges.org/objects/fullimage/1,534"
1535,"collection.crystalbridges.org/objects/1,535","collection.crystalbridges.org/objects/fullimage/1,535"
1536,"collection.crystalbridges.org/objects/1,536","collection.crystalbridges.org/objects/fullimage/1,536"
1547,"collection.crystalbridges.org/objects/1,547","collection.crystalbridges.org/objects/fullimage/1,547"
1557,"collection.crystalbridges.org/objects/1,557","collection.crystalbridges.org/objects/fullimage/1,557"
1583,"collection.crystalbridges.org/objects/1,583","collection.crystalbridges.org/objects/fullimage/1,583"
1588,"collection.crystalbridges.org/objects/1,588","collection.crystalbridges.org/objects/fullimage/1,588"
1589,"collection.crystalbridges.org/objects/1,589","collection.crystalbridges.org/objects/fullimage/1,589"
1590,"collection.crystalbridges.org/objects/1,590","collection.crystalbridges.org/objects/fullimage/1,590"
1591,"collection.crystalbridges.org/objects/1,591","collection.crystalbridges.org/objects/fullimage/1,591"
3655,"collection.crystalbridges.org/objects/3,655","collection.crystalbridges.org/objects/fullimage/3,655"
3656,"collection.crystalbridges.org/objects/3,656","collection.crystalbridges.org/objects/fullimage/3,656"
4191,"collection.crystalbridges.org/objects/4,191","collection.crystalbridges.org/objects/fullimage/4,191"
4759,"collection.crystalbridges.org/objects/4,759","collection.crystalbridges.org/objects/fullimage/4,759"
4856,"collection.crystalbridges.org/objects/4,856","collection.crystalbridges.org/objects/fullimage/4,856"
5353,"collection.crystalbridges.org/objects/5,353","collection.crystalbridges.org/objects/fullimage/5,353"
